tweet_text,flagged
Lâ€™homme propose et Dieu disposeğŸ¤·â€â™‚ï¸,NO
"beautiful palmyra, #syria ğŸ‡¸ğŸ‡¾
good morning btw",NO
RT @FarkashHend: Ø±Ø§Ø­Øª Ø¬Ù‡ÙˆØ¯ ØºÙ†ÙŠÙˆØ© ÙÙŠ ÙƒÙŠÙ„ Ø§Ù„Ø²ÙŠØª Ù‡Ù‡Ù‡Ù‡Ù‡Ù‡Ù‡Ù‡ğŸ¤£ğŸ¤£ğŸ¤£ğŸ‡±ğŸ‡¾ğŸ¤£ğŸ‡±ğŸ‡¾ https://t.co/M2ygKBCeuX,NO
"Samedi 16 mai, un atelier de renforcement des capacitÃ©s des journalistes centrafricains sur #COVID19 a eu lieu Ã  #Bangui organisÃ© par le RÃ©seau des Journalistes Sensibles au Conflit et de la PrÃ©vention des messages de Haine (#RJSCPH) https://t.co/5lUuzxF9ga",NO
"@AfricanBizMag @i_amten It's good that Mozambique has started to get some coverage finally. But the conflict in Cabo Delgado is not new, it's been more than 2 years already. I hope it's not too late.",NO
"Basket de dimanche en #Centrafrique.
PK5, Terrain de Koudoukou.
#MondayMotivation #sports https://t.co/aAAntIEGbm",NO
RT @bbcafrique: Deux girafes blanches extrÃªmement rares ont Ã©tÃ© tuÃ©es par des braconniers dans le nord-est du Kenya https://t.co/osRlP0alAd,NO
"RT @JayshKarama: #Ø³Ø±Øª ØªØ­Øª Ø³ÙŠØ·Ø±Ø© Ø§Ù„Ø¬ÙŠØ´ Ø§Ù„Ù„ÙŠØ¨ÙŠØŒ Ø³Ù…Ø§Ø¤Ù‡Ø§ ÙŠØ­Ø±Ø³Ù‡Ø§ ØµÙ‚ÙˆØ± Ø§Ù„Ø¬Ùˆ Ø¨Ø¹Ø¯ Ø£Ù† Ø¯ÙƒÙˆØ§ Ø¯Ø­ÙˆØ± ÙˆØ£ÙˆÙƒØ§Ø± #Ø§Ù„Ù…ÙŠÙ„ÙŠØ´ÙŠØ§Øª. ğŸ’ªğŸ”¥ğŸ‡±ğŸ‡¾ğŸ‡±ğŸ‡¾
#Ù„ÙŠØ¨ÙŠØ§ https://t.co/gnH1iâ€¦",YES
Un nouveau dÃ©cret prÃ©sidentiel vient dâ€™Ãªtre Ã©mis en #RCA annonÃ§ant la libÃ©ration de plusieurs personnes dÃ©tenues dans le but de prevenir la propagation du #COVID__19  sur le sol Centrafricain. Cela ne concerne pas les personnes ayant commis des crimes graves https://t.co/0B4KmlvPXV,NO
"#Ø¬Ù…Ø¹Ø©_Ù…Ø¨Ø§Ø±ÙƒØ© Ø§Ù† Ø´Ø§Ø¡ Ø§Ù„Ù„Ù‡ ØªÙƒÙˆÙ† Ø¢Ø®Ø± Ø¬Ù…Ø¹Ø© Ø¨Ù‡Ø°Ø§ Ø§Ù„ÙˆØ¨Ø§Ø¡ ÙˆÙ†Ø±Ø¬Ø¹ Ø§Ù† Ø´Ø§Ø¡ Ø§Ù„Ù„Ù‡ Ø¥Ù„Ù‰ Ù…Ø³Ø§Ø¬Ø¯Ù†Ø§ ÙŠØ§ Ø±Ø¨
#Ù‚ÙˆÙ„ÙˆØ§ Ø£Ù…ÙŠÙ† https://t.co/67OLkkTaCA",NO
I Been Ready To Smoke So Bad â€˜ I Feel Like That Lady Off Of #Friday W/That Big Ole Wolf Pussy ! Ooo I Got Me Some Weed ğŸ˜‚ğŸ˜‚ğŸ˜‚ğŸ˜‚,NO
#NewProfilePic https://t.co/e7oSSGTttz,NO
Ù…Ø§Ø´Ø§Ø¡ Ø§Ù„Ù„Ù‡ ØªØ¨Ø§Ø±Ùƒ Ø§Ù„Ù„Ù‡ ØªØ³ØªØ§Ù‡Ù„ ÙƒÙ„ Ø®ÙŠØ±  #Ø¹Ø´Ø±_Ø³Ù†ÙˆØ§Øª_Ù…Ø­ØªÙˆÙ‰,NO
"Mason for lingard, williams for shaw now #MUNARS #MUFC",NO
#NewProfilePic,NO
"@falsaif #Ø¹Ø´Ø±_Ø³Ù†ÙˆØ§Øª_Ù…Ø­ØªÙˆÙ‰ 

Ù…Ø§Ù‚ØµØ±Øª ÙˆÙ…ØªØ§Ø¨Ø¹Ùƒ Ù…Ù† Ø§Ù„Ø¨Ø¯Ø§ÙŠØ§Øª Ù„Ø§Ù†Ù‡ Ù„ÙŠ Ø´ØºÙ Ø¨Ø§Ù…ÙˆØ± Ø§Ù„ØªÙ‚Ù†ÙŠÙ‡ ÙˆØ§Ù„Ø¬ÙˆØ§Ù„Ø§Øª Ù…Ø§Ø´Ø§Ø¡ Ø§Ù„Ù„Ù‡ Ø¹Ù†Ùƒ Ø§Ø®ÙˆÙŠ Ù…ÙˆÙÙ‚â€¦ https://t.co/s2k7mwl6kF",NO
"Bringing in 2020 with loved ones. Thank you 2019 for being an Amazing Yearâ™¥ï¸ğŸ¥‚âœ¨
#HappyNewYear #Toall #Happiness #Joy #Love #Peace",NO
ì†Œë…„ ì†Œë…€ì—¬ ë¦¬ë°‹ì— ê±¸ë ¤ë¼. #A,NO
ã“ãªã„ã ãŸãã«ã‚†ãƒ¼ã‹ã®TikTokã‚‚ã¿ãŸã„ã£ã¦è¨€ã£ã¦ã‚‚ã‚‰ã£ãŸã‹ã‚‰å°‘ã—ãŒã‚“ã°ã£ãŸ( ãƒ»âˆ‡ãƒ»)ç¬‘ã€€æ°—åˆ†ã§ã“ã‚Œã‹ã‚‰ã‚‚è¼‰ã›ã‚‹â— #TikTok https://t.co/x4wDG2SyTK,NO
I received a peer recognition @Viewbug https://t.co/WHAJgxkgNJ #photography,NO
